Date,Price,Open,High,Low,Volume,Chg%
01-01-2020,71.227,71.365,71.377,71.225,1.16K,-0.18%
02-01-2020,71.35,71.235,71.408,71.235,4.63K,0.17%
03-01-2020,71.77,71.61,71.844,71.52,7.49K,0.59%
06-01-2020,71.867,72.011,72.123,71.834,7.44K,0.14%
07-01-2020,71.845,71.765,71.923,71.67,6.69K,-0.03%
08-01-2020,71.51,71.954,72.114,71.466,7.40K,-0.47%
09-01-2020,71.21,71.51,71.544,71.134,7.00K,-0.42%
10-01-2020,70.96,71.24,71.26,70.848,7.39K,-0.35%
13-01-2020,70.71,70.805,70.945,70.71,6.16K,-0.35%
14-01-2020,70.85,70.72,70.975,70.72,6.81K,0.20%
15-01-2020,70.72,71.0,71.023,70.682,5.32K,-0.18%
16-01-2020,70.978,70.775,71.007,70.775,6.30K,0.36%
17-01-2020,71.079,70.953,71.099,70.933,6.69K,0.14%
20-01-2020,71.04,71.07,71.16,71.01,5.07K,-0.05%
21-01-2020,71.17,71.19,71.25,71.121,3.97K,0.18%
22-01-2020,71.08,71.18,71.265,71.076,5.63K,-0.13%
23-01-2020,71.4,71.19,71.465,71.169,6.19K,0.45%
24-01-2020,71.33,71.34,71.371,71.22,3.39K,-0.10%
27-01-2020,71.45,71.475,71.52,71.373,5.00K,0.17%
28-01-2020,71.2,71.432,71.432,71.2,6.62K,-0.35%
29-01-2020,71.31,71.24,71.411,71.165,7.10K,0.15%
30-01-2020,71.55,71.42,71.66,71.39,3.41K,0.34%
31-01-2020,71.555,71.575,71.578,71.294,8.25K,0.01%
03-02-2020,71.324,71.523,71.653,71.268,7.48K,-0.32%
04-02-2020,71.115,71.215,71.298,71.09,6.65K,-0.29%
05-02-2020,71.19,71.11,71.3,71.11,4.24K,0.11%
06-02-2020,71.225,71.181,71.3,71.107,6.37K,0.05%
07-02-2020,71.515,71.26,71.538,71.213,6.21K,0.41%
10-02-2020,71.29,71.4,71.457,71.285,8.31K,-0.31%
11-02-2020,71.285,71.235,71.33,71.179,6.17K,-0.01%
12-02-2020,71.306,71.211,71.391,71.211,5.72K,0.03%
13-02-2020,71.33,71.36,71.511,71.254,4.53K,0.03%
14-02-2020,71.529,71.294,71.597,71.272,6.80K,0.28%
17-02-2020,71.34,71.43,71.507,71.26,5.36K,-0.26%
18-02-2020,71.585,71.415,71.611,71.375,4.96K,0.34%
19-02-2020,71.6,71.573,71.6,71.452,0.29K,0.02%
20-02-2020,71.68,71.735,71.82,71.53,4.76K,0.11%
21-02-2020,71.88,71.665,72.056,71.665,0.16K,0.28%
24-02-2020,71.935,71.915,72.015,71.775,4.46K,0.08%
25-02-2020,71.82,71.87,71.92,71.611,4.83K,-0.16%
26-02-2020,71.58,71.833,71.873,71.532,5.63K,-0.33%
27-02-2020,71.655,71.645,71.704,71.545,5.35K,0.10%
28-02-2020,72.539,71.755,72.574,71.755,6.59K,1.23%
02-03-2020,72.882,72.52,72.954,72.028,6.08K,0.47%
03-03-2020,73.05,72.48,73.397,72.44,6.74K,0.23%
04-03-2020,73.54,73.06,73.64,72.91,7.57K,0.67%
05-03-2020,73.506,73.518,73.565,73.044,1.92K,-0.05%
06-03-2020,74.004,73.873,74.073,73.529,1.47K,0.68%
09-03-2020,74.196,73.975,74.254,73.85,6.07K,0.26%
10-03-2020,74.15,74.248,74.248,74.15,0.01K,-0.06%
11-03-2020,73.682,73.792,74.015,73.532,6.53K,-0.63%
12-03-2020,74.576,74.134,74.579,74.074,5.86K,1.21%
13-03-2020,73.84,74.561,74.561,73.732,5.26K,-0.99%
16-03-2020,74.003,74.006,74.359,73.999,4.32K,0.22%
17-03-2020,74.062,74.072,74.315,73.858,5.21K,0.08%
18-03-2020,74.55,73.974,74.55,73.924,5.63K,0.66%
19-03-2020,74.786,74.855,75.311,74.667,4.71K,0.32%
20-03-2020,75.399,74.804,75.399,74.704,4.98K,0.82%
23-03-2020,76.335,75.38,76.335,75.38,2.39K,1.24%
24-03-2020,76.379,76.079,76.386,75.95,2.04K,0.06%
25-03-2020,76.375,76.375,76.375,76.375,0,-0.01%
26-03-2020,74.889,75.864,75.954,74.889,2.33K,-1.95%
27-03-2020,75.472,74.603,75.528,74.353,0.36K,0.78%
30-03-2020,75.41,75.14,75.67,75.093,1.86K,-0.08%
31-03-2020,75.343,75.53,75.685,75.28,2.06K,-0.09%
01-04-2020,76.404,75.315,76.422,75.315,0.05K,1.41%
02-04-2020,76.4,76.387,76.431,76.346,0.08K,-0.01%
03-04-2020,76.24,75.954,76.304,75.764,2.65K,-0.21%
06-04-2020,75.975,76.253,76.268,75.902,0.10K,-0.35%
07-04-2020,75.645,75.988,76.008,75.543,1.99K,-0.43%
08-04-2020,75.945,75.638,76.405,75.638,1.77K,0.40%
09-04-2020,76.3,76.103,76.555,76.019,2.32K,0.47%
10-04-2020,75.879,75.903,75.937,75.849,0.08K,-0.55%
13-04-2020,76.249,75.881,76.449,75.881,1.96K,0.49%
14-04-2020,76.015,76.321,76.376,76.015,0.32K,-0.31%
15-04-2020,76.564,76.038,76.654,75.936,2.78K,0.72%
16-04-2020,76.805,76.638,76.927,76.563,2.43K,0.31%
17-04-2020,76.55,76.829,76.829,76.238,2.48K,-0.33%
20-04-2020,76.575,76.553,76.68,76.283,0.83K,0.03%
21-04-2020,76.975,76.585,77.006,76.585,0.93K,0.52%
22-04-2020,76.41,76.938,77.018,76.41,0.83K,-0.73%
23-04-2020,75.895,76.468,76.468,75.826,2.86K,-0.67%
24-04-2020,76.27,75.825,76.488,75.825,2.77K,0.49%
27-04-2020,76.229,76.27,76.347,76.019,2.45K,-0.05%
28-04-2020,76.065,76.127,76.45,75.815,2.52K,-0.22%
29-04-2020,75.455,76.063,76.11,75.455,3.28K,-0.80%
30-04-2020,75.08,75.405,75.43,74.91,3.69K,-0.50%
01-05-2020,75.749,75.32,75.805,75.294,0.54K,0.89%
04-05-2020,75.64,75.758,75.82,75.581,3.44K,-0.14%
05-05-2020,75.71,75.65,75.87,75.489,3.75K,0.09%
06-05-2020,76.105,75.828,76.111,75.653,3.51K,0.52%
07-05-2020,75.794,76.099,76.152,75.78,0.48K,-0.41%
08-05-2020,75.535,75.611,75.665,75.285,3.32K,-0.34%
11-05-2020,75.888,75.561,75.948,75.476,5.78K,0.47%
12-05-2020,75.062,75.971,75.993,75.049,4.05K,-1.09%
13-05-2020,75.365,75.278,75.51,75.045,3.71K,0.40%
14-05-2020,75.495,75.454,75.712,75.335,4.38K,0.17%
15-05-2020,75.83,75.521,75.95,75.416,3.56K,0.44%
18-05-2020,75.7,75.838,76.07,75.639,3.18K,-0.17%
19-05-2020,75.645,75.605,75.795,75.552,3.77K,-0.07%
20-05-2020,75.555,75.705,75.865,75.453,4.51K,-0.12%
21-05-2020,75.62,75.54,75.833,75.386,3.45K,0.09%
22-05-2020,75.95,75.663,76.018,75.633,4.41K,0.44%
25-05-2020,75.887,75.951,76.11,75.855,0.31K,-0.08%
26-05-2020,75.459,75.868,75.88,75.412,1.83K,-0.56%
27-05-2020,75.92,75.565,75.988,75.538,4.51K,0.61%
28-05-2020,75.66,75.812,75.91,75.632,5.41K,-0.34%
29-05-2020,75.605,75.705,75.755,75.448,4.31K,-0.07%
01-06-2020,75.505,75.473,75.773,75.275,5.28K,-0.13%
02-06-2020,75.1,75.553,75.628,74.97,6.13K,-0.54%
03-06-2020,75.325,75.063,75.555,75.02,5.41K,0.30%
04-06-2020,75.459,75.373,75.66,75.355,4.88K,0.18%
05-06-2020,75.56,75.432,75.725,75.325,5.18K,0.13%
08-06-2020,75.4,75.578,75.685,75.4,5.43K,-0.21%
09-06-2020,75.505,75.458,75.702,75.423,6.94K,0.14%
10-06-2020,75.635,75.532,75.676,75.419,5.34K,0.17%
11-06-2020,75.971,75.672,75.971,75.579,5.78K,0.44%
12-06-2020,76.05,75.992,76.26,75.772,7.54K,0.10%
15-06-2020,75.979,76.073,76.19,75.936,6.95K,-0.09%
16-06-2020,76.25,75.865,76.311,75.78,7.75K,0.36%
17-06-2020,76.29,76.268,76.37,76.082,7.24K,0.05%
18-06-2020,76.4,76.263,76.4,76.046,7.12K,0.14%
19-06-2020,76.26,76.349,76.373,76.093,6.08K,-0.18%
22-06-2020,75.79,76.268,76.303,75.723,6.51K,-0.62%
23-06-2020,75.503,75.802,75.916,75.455,6.08K,-0.38%
24-06-2020,75.665,75.486,75.78,75.486,6.66K,0.21%
25-06-2020,75.587,75.717,75.782,75.503,5.96K,-0.10%
26-06-2020,75.62,75.58,75.688,75.435,4.43K,0.04%
29-06-2020,75.51,75.628,75.66,75.458,5.43K,-0.15%
30-06-2020,75.545,75.523,75.628,75.425,5.84K,0.05%
01-07-2020,75.49,75.51,75.629,75.466,4.35K,-0.07%
02-07-2020,74.75,75.46,75.54,74.646,5.40K,-0.98%
03-07-2020,74.636,74.597,75.027,74.567,3.91K,-0.15%
06-07-2020,74.635,74.639,74.83,74.485,6.10K,0.00%
07-07-2020,74.81,74.645,74.979,74.635,5.59K,0.23%
08-07-2020,74.94,74.835,75.084,74.825,5.11K,0.17%
09-07-2020,75.14,74.935,75.166,74.902,6.15K,0.27%
10-07-2020,75.19,75.165,75.34,75.141,4.64K,0.07%
13-07-2020,75.187,75.195,75.237,75.082,5.96K,0.00%
14-07-2020,75.378,75.275,75.535,75.268,6.85K,0.25%
15-07-2020,75.12,75.325,75.38,75.05,7.09K,-0.34%
16-07-2020,75.17,75.115,75.295,75.107,5.25K,0.07%
17-07-2020,74.884,75.2,75.255,74.897,5.94K,-0.38%
20-07-2020,74.74,74.898,75.033,74.735,5.89K,-0.19%
21-07-2020,74.53,74.725,74.875,74.516,6.01K,-0.28%
22-07-2020,74.6,74.543,74.872,74.509,4.20K,0.09%
23-07-2020,74.81,74.625,74.961,74.6,5.88K,0.28%
24-07-2020,74.75,74.908,74.985,74.697,6.19K,-0.08%
27-07-2020,74.79,74.76,74.902,74.665,4.72K,0.05%
28-07-2020,74.907,74.785,74.943,74.707,6.41K,0.16%
29-07-2020,74.923,74.87,74.949,74.676,6.58K,0.02%
30-07-2020,74.875,74.83,74.967,74.795,5.59K,-0.06%
31-07-2020,74.916,74.75,74.939,74.685,5.49K,0.05%
03-08-2020,75.18,74.918,75.314,74.863,4.96K,0.35%
04-08-2020,75.06,75.165,75.214,74.962,3.64K,-0.16%
05-08-2020,74.796,74.982,75.03,74.763,6.17K,-0.35%
06-08-2020,74.89,74.875,75.017,74.777,5.71K,0.13%
07-08-2020,75.012,75.073,75.112,74.891,5.55K,0.16%
10-08-2020,74.87,75.025,75.025,74.857,1.03K,-0.19%
11-08-2020,74.61,74.855,74.887,74.522,3.19K,-0.35%
12-08-2020,74.79,74.615,74.935,74.615,3.34K,0.24%
13-08-2020,74.811,74.775,74.933,74.769,2.87K,0.03%
14-08-2020,74.874,74.89,74.978,74.734,3.21K,0.08%
17-08-2020,74.743,74.903,74.921,74.715,3.09K,-0.17%
18-08-2020,74.57,74.74,74.886,74.575,3.22K,-0.23%
19-08-2020,74.846,74.655,74.935,74.628,3.52K,0.37%
20-08-2020,75.012,74.973,75.132,74.935,3.70K,0.22%
21-08-2020,74.92,74.98,75.005,74.82,3.16K,-0.12%
24-08-2020,74.168,74.922,74.922,73.962,4.90K,-1.00%
25-08-2020,74.202,74.1,74.517,74.07,6.79K,0.05%
26-08-2020,74.217,74.225,74.459,74.193,6.88K,0.02%
27-08-2020,73.894,74.29,74.37,73.782,4.04K,-0.44%
28-08-2020,73.114,73.827,73.878,73.116,6.66K,-1.06%
31-08-2020,73.254,73.115,73.702,73.05,4.53K,0.19%
01-09-2020,73.002,73.215,73.225,72.753,6.38K,-0.34%
02-09-2020,73.268,73.143,73.32,72.893,7.79K,0.36%
03-09-2020,73.389,73.225,73.57,73.151,6.89K,0.17%
04-09-2020,73.289,73.48,73.505,73.006,7.23K,-0.14%
07-09-2020,73.444,73.291,73.508,73.027,7.29K,0.21%
08-09-2020,73.74,73.63,73.974,73.385,8.43K,0.40%
09-09-2020,73.3,73.787,73.832,73.31,7.93K,-0.60%
10-09-2020,73.43,73.462,73.508,73.155,7.66K,0.18%
11-09-2020,73.43,73.535,73.628,73.405,5.87K,0.00%
14-09-2020,73.37,73.48,73.605,73.265,1.14K,-0.08%
15-09-2020,73.6,73.395,73.735,73.312,4.29K,0.31%
16-09-2020,73.53,73.595,73.779,73.465,4.40K,-0.10%
17-09-2020,73.6,73.715,73.784,73.581,3.84K,0.10%
18-09-2020,73.538,73.475,73.613,73.144,4.47K,-0.08%
21-09-2020,73.57,73.535,73.649,73.26,3.60K,0.04%
22-09-2020,73.51,73.575,73.645,73.385,3.36K,-0.08%
23-09-2020,73.57,73.503,73.635,73.43,1.88K,0.08%
24-09-2020,73.9,73.835,74.055,73.765,3.90K,0.45%
25-09-2020,73.67,73.735,73.788,73.566,2.96K,-0.31%
28-09-2020,73.75,73.685,73.862,73.526,5.66K,0.11%
29-09-2020,73.75,73.785,73.918,73.716,3.48K,0.00%
30-09-2020,73.56,73.817,73.865,73.522,3.86K,-0.26%
01-10-2020,73.193,73.595,73.61,73.021,3.98K,-0.50%
02-10-2020,73.29,73.239,73.45,73.239,0.17K,0.13%
05-10-2020,73.11,73.295,73.481,73.07,3.39K,-0.25%
06-10-2020,73.434,73.093,73.518,73.093,3.37K,0.44%
07-10-2020,73.33,73.55,73.613,73.254,4.81K,-0.14%
08-10-2020,73.29,73.33,73.381,73.185,5.08K,-0.05%
09-10-2020,73.01,73.15,73.265,72.969,4.22K,-0.38%
12-10-2020,73.363,73.015,73.428,73.015,3.96K,0.48%
13-10-2020,73.4,73.351,73.475,73.245,4.09K,0.05%
14-10-2020,73.24,73.395,73.466,73.193,5.37K,-0.22%
15-10-2020,73.42,73.295,73.52,73.204,5.15K,0.25%
16-10-2020,73.442,73.407,73.451,73.255,4.91K,0.03%
19-10-2020,73.35,73.444,73.444,73.289,3.20K,-0.13%
20-10-2020,73.44,73.342,73.558,73.295,4.58K,0.12%
21-10-2020,73.59,73.44,73.763,73.357,4.32K,0.20%
22-10-2020,73.66,73.68,73.808,73.519,4.65K,0.10%
23-10-2020,73.829,73.645,73.887,73.471,2.87K,0.23%
26-10-2020,73.96,73.842,74.115,73.692,4.16K,0.18%
27-10-2020,73.622,73.938,74.021,73.599,4.55K,-0.46%
28-10-2020,74.18,73.729,74.271,73.647,5.79K,0.76%
29-10-2020,74.37,74.23,74.533,73.938,6.74K,0.26%
30-10-2020,74.554,74.32,74.712,74.24,2.94K,0.25%
02-11-2020,74.5,74.567,74.567,74.265,4.32K,-0.07%
03-11-2020,74.61,74.422,74.635,74.247,4.57K,0.15%
04-11-2020,74.365,74.598,75.015,74.337,7.36K,-0.33%
05-11-2020,73.91,74.317,74.41,73.914,6.77K,-0.61%
06-11-2020,73.974,74.03,74.286,73.86,7.50K,0.09%
09-11-2020,74.03,73.976,74.175,73.637,6.50K,0.08%
10-11-2020,74.28,73.955,74.478,73.948,6.83K,0.34%
11-11-2020,74.439,74.17,74.522,74.17,6.19K,0.21%
12-11-2020,74.68,74.438,74.76,74.365,6.09K,0.32%
13-11-2020,74.561,74.662,74.725,74.464,5.53K,-0.16%
16-11-2020,74.37,74.59,74.59,74.38,1.92K,-0.26%
17-11-2020,74.47,74.345,74.635,74.345,5.77K,0.13%
18-11-2020,74.11,74.475,74.53,74.058,6.42K,-0.48%
19-11-2020,74.1,74.313,74.349,74.103,5.37K,-0.01%
20-11-2020,74.11,74.165,74.211,74.056,4.56K,0.01%
23-11-2020,74.25,74.12,74.277,74.005,4.88K,0.19%
24-11-2020,74.078,74.244,74.244,73.869,5.55K,-0.23%
25-11-2020,73.769,73.97,74.017,73.743,5.27K,-0.42%
26-11-2020,73.832,73.792,73.913,73.72,5.35K,0.09%
27-11-2020,73.933,73.837,74.116,73.742,5.44K,0.14%
30-11-2020,73.99,73.935,74.025,73.873,3.73K,0.08%
01-12-2020,73.482,74.025,74.025,73.445,6.80K,-0.69%
02-12-2020,73.76,73.5,73.836,73.402,5.98K,0.38%
03-12-2020,73.86,73.695,73.988,73.67,5.89K,0.14%
04-12-2020,73.757,73.865,73.865,73.647,4.18K,-0.14%
07-12-2020,73.76,73.805,73.977,73.69,4.61K,0.00%
08-12-2020,73.72,73.81,73.846,73.511,4.61K,-0.05%
09-12-2020,73.72,73.712,73.73,73.515,2.75K,0.00%
10-12-2020,73.74,73.73,73.782,73.625,2.50K,0.03%
11-12-2020,73.736,73.73,73.817,73.535,2.50K,-0.01%
14-12-2020,73.63,73.738,73.738,73.45,2.48K,-0.14%
15-12-2020,73.556,73.674,73.685,73.542,2.32K,-0.10%
16-12-2020,73.63,73.532,73.66,73.459,2.61K,0.10%
17-12-2020,73.52,73.6,73.635,73.372,2.82K,-0.15%
18-12-2020,73.57,73.53,73.588,73.475,2.16K,0.07%
21-12-2020,74.026,73.575,74.104,73.575,1.08K,0.62%
22-12-2020,73.851,73.94,73.95,73.802,1.29K,-0.24%
23-12-2020,73.77,73.905,73.905,73.654,1.26K,-0.11%
24-12-2020,73.54,73.8,73.84,73.506,1.00K,-0.31%
25-12-2020,73.558,73.558,73.558,73.558,0,0.02%
28-12-2020,73.546,73.558,73.613,73.457,0.63K,-0.02%
29-12-2020,73.39,73.545,73.545,73.313,1.90K,-0.21%
30-12-2020,73.127,73.37,73.398,73.135,4.04K,-0.36%
31-12-2020,73.036,73.195,73.243,72.951,4.13K,-0.12%
01-01-2021,73.12,73.1,73.128,73.022,0.48K,0.11%
04-01-2021,73.07,73.106,73.134,72.83,6.06K,-0.07%
05-01-2021,73.12,73.08,73.29,72.98,6.88K,0.07%
06-01-2021,73.118,73.168,73.229,73.046,6.05K,0.00%
07-01-2021,73.42,73.161,73.482,73.063,6.24K,0.41%
08-01-2021,73.33,73.455,73.509,73.201,6.82K,-0.12%
11-01-2021,73.455,73.45,73.6,73.357,11.06K,0.17%
12-01-2021,73.22,73.494,73.494,73.2,6.41K,-0.32%
13-01-2021,73.16,73.19,73.238,73.061,6.96K,-0.08%
14-01-2021,73.07,73.135,73.239,72.923,7.09K,-0.12%
15-01-2021,73.12,73.089,73.211,72.99,5.80K,0.07%
18-01-2021,73.181,73.15,73.333,73.136,6.11K,0.08%
19-01-2021,73.19,73.177,73.311,73.113,5.87K,0.01%
20-01-2021,72.91,73.192,73.205,72.896,6.61K,-0.38%
21-01-2021,72.96,72.916,73.061,72.894,6.07K,0.07%
22-01-2021,72.98,72.965,73.111,72.92,6.16K,0.03%
25-01-2021,72.96,72.977,73.026,72.878,6.14K,-0.03%
26-01-2021,72.91,72.958,73.144,72.854,5.36K,-0.07%
27-01-2021,73.06,72.92,73.101,72.785,12.52K,0.21%
28-01-2021,72.931,73.022,73.186,72.893,15.94K,-0.18%
29-01-2021,72.877,72.93,73.037,72.814,5.74K,-0.07%
01-02-2021,73.11,72.918,73.195,72.809,7.55K,0.32%
02-02-2021,72.899,73.03,73.104,72.897,7.00K,-0.29%
03-02-2021,72.81,72.95,73.018,72.81,6.35K,-0.12%
04-02-2021,72.95,72.823,73.003,72.823,5.86K,0.19%
05-02-2021,72.81,72.986,73.043,72.775,4.87K,-0.19%
08-02-2021,72.93,72.829,73.009,72.776,2.71K,0.16%
09-02-2021,72.854,72.93,72.962,72.826,2.95K,-0.10%
10-02-2021,72.79,72.865,72.903,72.775,2.70K,-0.09%
11-02-2021,72.7,72.815,72.895,72.665,2.06K,-0.12%
12-02-2021,72.58,72.706,72.83,72.56,1.89K,-0.17%
15-02-2021,72.618,72.613,72.7,72.513,3.26K,0.05%
16-02-2021,72.86,72.62,72.917,72.601,3.19K,0.33%
17-02-2021,72.815,72.915,72.97,72.725,3.81K,-0.06%
18-02-2021,72.58,72.837,72.837,72.537,3.17K,-0.32%
19-02-2021,72.55,72.585,72.732,72.418,2.40K,-0.04%
22-02-2021,72.44,72.575,72.601,72.285,1.98K,-0.15%
23-02-2021,72.38,72.465,72.564,72.308,2.08K,-0.08%
24-02-2021,72.38,72.382,72.47,72.263,2.15K,0.00%
25-02-2021,72.736,72.412,72.776,72.282,2.06K,0.49%
26-02-2021,73.92,72.975,74.06,72.946,1.91K,1.63%
01-03-2021,73.396,73.585,73.783,73.167,2.07K,-0.71%
02-03-2021,73.25,73.38,73.532,73.26,2.18K,-0.20%
03-03-2021,72.93,73.26,73.292,72.688,2.18K,-0.44%
04-03-2021,72.733,72.882,73.109,72.598,2.15K,-0.27%
05-03-2021,73.18,73.063,73.217,72.74,2.20K,0.61%
08-03-2021,73.35,73.21,73.417,72.927,4.94K,0.23%
09-03-2021,72.766,73.321,73.386,72.776,4.62K,-0.80%
10-03-2021,72.72,72.803,73.107,72.729,4.26K,-0.06%
11-03-2021,72.69,72.749,72.801,72.583,1.72K,-0.04%
12-03-2021,72.68,72.683,72.871,72.625,2.19K,-0.01%
15-03-2021,72.53,72.685,72.786,72.381,2.27K,-0.21%
16-03-2021,72.51,72.525,72.643,72.365,2.29K,-0.03%
17-03-2021,72.557,72.537,72.636,72.501,2.18K,0.06%
18-03-2021,72.69,72.362,72.724,72.32,2.60K,0.18%
19-03-2021,72.401,72.673,72.732,72.413,2.43K,-0.40%
22-03-2021,72.37,72.469,72.528,72.305,2.03K,-0.04%
23-03-2021,72.55,72.395,72.555,72.268,4.09K,0.25%
24-03-2021,72.59,72.57,72.726,72.503,4.30K,0.06%
25-03-2021,72.66,72.605,72.725,72.558,3.62K,0.10%
26-03-2021,72.61,72.635,72.663,72.363,2.52K,-0.07%
29-03-2021,72.748,72.526,72.768,72.481,0.75K,0.19%
30-03-2021,73.44,72.742,73.631,72.727,2.24K,0.95%
31-03-2021,73.137,73.418,73.618,73.05,2.04K,-0.41%
01-04-2021,73.323,73.169,73.453,73.155,0.95K,0.25%
02-04-2021,73.37,73.3,73.4,73.255,2.45K,0.06%
05-04-2021,73.294,73.34,73.463,73.276,1.61K,-0.10%
06-04-2021,73.486,73.26,73.502,73.207,2.11K,0.26%
07-04-2021,74.352,73.44,74.588,73.432,2.47K,1.18%
08-04-2021,74.572,74.46,74.923,74.184,1.80K,0.30%
09-04-2021,74.722,74.582,74.98,74.53,2.39K,0.20%
12-04-2021,74.98,74.985,75.2,74.733,2.30K,0.35%
13-04-2021,75.26,75.029,75.546,74.965,0.97K,0.37%
14-04-2021,75.05,75.177,75.251,75.054,0.95K,-0.28%
15-04-2021,74.72,75.054,75.35,74.73,2.23K,-0.44%
16-04-2021,74.53,74.707,74.854,74.287,2.17K,-0.25%
19-04-2021,74.85,74.575,75.055,74.567,2.28K,0.43%
20-04-2021,75.38,74.687,75.461,74.507,2.25K,0.71%
21-04-2021,75.421,75.356,75.57,75.3,1.01K,0.05%
22-04-2021,75.11,75.427,75.435,74.845,2.23K,-0.41%
23-04-2021,74.92,75.123,75.126,74.755,2.33K,-0.25%
26-04-2021,74.73,74.75,74.917,74.669,4.55K,-0.25%
27-04-2021,74.58,74.79,74.839,74.505,4.75K,-0.20%
28-04-2021,74.489,74.625,74.63,74.287,4.63K,-0.12%
29-04-2021,74.09,74.22,74.293,73.953,5.13K,-0.54%
30-04-2021,74.05,74.155,74.222,73.945,4.84K,-0.05%
03-05-2021,73.81,74.279,74.332,73.82,3.98K,-0.32%
04-05-2021,73.76,73.868,73.978,73.765,4.50K,-0.07%
05-05-2021,73.8,73.788,74.048,73.752,4.07K,0.05%
06-05-2021,73.6,73.812,74.011,73.595,4.09K,-0.27%
07-05-2021,73.252,73.619,73.757,73.251,4.05K,-0.47%
10-05-2021,73.45,73.302,73.49,73.273,4.71K,0.27%
11-05-2021,73.37,73.5,73.546,73.281,4.42K,-0.11%
12-05-2021,73.53,73.38,73.544,73.368,2.14K,0.22%
13-05-2021,73.47,73.629,73.654,73.475,0.95K,-0.08%
14-05-2021,73.29,73.465,73.492,73.188,2.18K,-0.24%
17-05-2021,73.33,73.305,73.335,73.149,2.01K,0.05%
18-05-2021,73.05,73.219,73.271,72.956,2.11K,-0.38%
19-05-2021,73.21,73.139,73.257,72.931,2.15K,0.22%
20-05-2021,73.01,73.18,73.238,73.015,2.23K,-0.27%
21-05-2021,72.817,73.022,73.09,72.756,2.15K,-0.26%
24-05-2021,72.83,72.885,72.981,72.822,2.24K,0.02%
25-05-2021,72.79,72.867,72.885,72.745,2.19K,-0.05%
26-05-2021,72.72,72.805,72.805,72.627,1.01K,-0.10%
27-05-2021,72.7,72.704,72.796,72.501,2.30K,-0.03%
28-05-2021,72.4,72.69,72.69,72.315,2.28K,-0.41%
31-05-2021,72.511,72.395,72.656,72.343,4.12K,0.15%
01-06-2021,72.86,72.508,72.963,72.483,5.22K,0.48%
02-06-2021,72.95,72.86,73.325,72.855,5.36K,0.12%
03-06-2021,73.04,73.037,73.185,72.833,4.74K,0.12%
04-06-2021,72.86,73.032,73.133,72.819,4.68K,-0.25%
07-06-2021,72.786,72.92,72.939,72.741,2.31K,-0.10%
08-06-2021,72.95,72.796,72.978,72.763,2.14K,0.23%
09-06-2021,72.98,72.945,73.02,72.881,2.18K,0.04%
10-06-2021,73.07,72.965,73.134,72.932,2.03K,0.12%
11-06-2021,73.24,73.027,73.265,72.889,2.01K,0.23%
14-06-2021,73.18,73.282,73.307,73.099,2.09K,-0.08%
15-06-2021,73.35,73.228,73.378,73.151,1.99K,0.23%
16-06-2021,73.27,73.355,73.394,73.26,2.05K,-0.11%
17-06-2021,74.162,73.595,74.247,73.565,2.45K,1.22%
18-06-2021,74.1,74.19,74.283,73.804,2.62K,-0.08%
21-06-2021,74.13,74.094,74.338,74.053,5.28K,0.04%
22-06-2021,74.33,74.112,74.415,74.043,5.24K,0.27%
23-06-2021,74.14,74.345,74.398,74.054,4.45K,-0.26%
24-06-2021,74.18,74.223,74.274,74.111,4.46K,0.05%
25-06-2021,74.21,74.188,74.256,74.114,3.81K,0.04%
28-06-2021,74.27,74.183,74.317,74.161,1.87K,0.08%
29-06-2021,74.29,74.293,74.348,74.2,2.05K,0.03%
30-06-2021,74.36,74.215,74.471,74.205,2.16K,0.09%
01-07-2021,74.56,74.374,74.64,74.332,4.31K,0.27%
02-07-2021,74.512,74.561,74.885,74.504,5.00K,-0.06%
05-07-2021,74.288,74.553,74.57,74.262,4.33K,-0.30%
06-07-2021,74.582,74.328,74.625,74.236,4.97K,0.40%
07-07-2021,74.79,74.771,74.815,74.567,5.29K,0.28%
08-07-2021,74.73,74.759,74.87,74.652,4.73K,-0.08%
09-07-2021,74.485,74.772,74.787,74.47,4.47K,-0.33%
12-07-2021,74.53,74.552,74.673,74.402,4.52K,0.06%
13-07-2021,74.59,74.537,74.68,74.398,4.29K,0.08%
14-07-2021,74.46,74.672,74.675,74.459,4.35K,-0.17%
15-07-2021,74.54,74.454,74.575,74.434,2.27K,0.11%
16-07-2021,74.606,74.549,74.668,74.498,4.37K,0.09%
19-07-2021,74.851,74.702,75.031,74.691,4.36K,0.33%
20-07-2021,74.53,74.967,74.982,74.535,4.71K,-0.43%
21-07-2021,74.486,74.527,74.64,74.493,1.00K,-0.06%
22-07-2021,74.45,74.438,74.53,74.304,4.59K,-0.05%
23-07-2021,74.425,74.467,74.577,74.374,2.41K,-0.03%
26-07-2021,74.33,74.462,74.537,74.33,4.14K,-0.13%
27-07-2021,74.498,74.275,74.545,74.275,4.57K,0.23%
28-07-2021,74.49,74.546,74.549,74.309,4.09K,-0.01%
29-07-2021,74.245,74.382,74.431,74.218,4.20K,-0.33%
30-07-2021,74.337,74.252,74.45,74.245,4.27K,0.12%
02-08-2021,74.354,74.368,74.434,74.316,3.96K,0.02%
03-08-2021,74.249,74.335,74.382,74.203,4.25K,-0.14%
04-08-2021,74.149,74.218,74.261,74.081,4.22K,-0.13%
05-08-2021,74.098,74.175,74.29,74.086,2.41K,-0.07%
06-08-2021,74.24,74.082,74.247,74.045,2.41K,0.19%
09-08-2021,74.48,74.262,74.502,74.197,3.36K,0.32%
10-08-2021,74.43,74.453,74.507,74.334,4.42K,-0.07%
11-08-2021,74.253,74.425,74.495,74.201,4.00K,-0.24%
12-08-2021,74.31,74.1,74.339,74.1,4.21K,0.08%
13-08-2021,74.239,74.266,74.326,74.24,3.14K,-0.10%
16-08-2021,74.16,74.224,74.297,74.117,0.85K,-0.11%
17-08-2021,74.37,74.145,74.394,74.133,2.25K,0.28%
18-08-2021,74.28,74.338,74.354,74.227,1.92K,-0.12%
19-08-2021,74.37,74.285,74.458,74.261,1.05K,0.12%
20-08-2021,74.347,74.385,74.48,74.325,2.38K,-0.03%
23-08-2021,74.12,74.274,74.309,74.084,2.12K,-0.31%
24-08-2021,74.133,74.106,74.232,74.087,1.92K,0.02%
25-08-2021,74.11,74.145,74.305,74.12,2.14K,-0.03%
26-08-2021,74.15,74.1,74.275,74.094,2.19K,0.05%
27-08-2021,73.47,74.15,74.207,73.455,20.69K,-0.92%
30-08-2021,73.292,73.451,73.563,73.188,5.17K,-0.24%
31-08-2021,72.947,73.421,73.421,72.907,2.39K,-0.47%
01-09-2021,72.99,72.992,73.16,72.913,5.01K,0.06%
02-09-2021,72.993,72.987,73.126,72.94,4.52K,0.00%
03-09-2021,72.982,73.024,73.156,72.934,4.18K,-0.02%
06-09-2021,73.073,73.02,73.128,72.987,2.14K,0.12%
07-09-2021,73.44,73.1,73.496,73.06,4.82K,0.50%
08-09-2021,73.769,73.396,73.867,73.389,5.68K,0.45%
09-09-2021,73.52,73.732,73.873,73.485,6.04K,-0.34%
10-09-2021,73.517,73.557,73.577,73.382,1.43K,0.00%
13-09-2021,73.56,73.565,73.79,73.555,4.56K,0.06%
14-09-2021,73.64,73.536,73.73,73.526,5.00K,0.11%
15-09-2021,73.44,73.647,73.74,73.421,4.99K,-0.27%
16-09-2021,73.57,73.45,73.618,73.335,5.41K,0.18%
17-09-2021,73.64,73.542,73.66,73.413,5.31K,0.10%
20-09-2021,73.646,73.847,73.858,73.615,5.14K,0.01%
21-09-2021,73.74,73.65,73.765,73.555,4.89K,0.13%
22-09-2021,73.8,73.757,73.935,73.655,5.26K,0.08%
23-09-2021,73.8,73.875,73.913,73.594,5.42K,0.00%
24-09-2021,73.813,73.844,73.877,73.615,4.78K,0.02%
27-09-2021,73.82,73.69,73.886,73.61,4.95K,0.01%
28-09-2021,74.19,73.8,74.254,73.729,5.47K,0.50%
29-09-2021,74.276,74.157,74.343,74.079,5.50K,0.12%
30-09-2021,74.164,74.325,74.368,74.121,5.20K,-0.15%
01-10-2021,74.131,74.185,74.375,74.081,5.44K,-0.05%
04-10-2021,74.568,74.145,74.598,74.12,3.00K,0.59%
05-10-2021,74.54,74.573,74.673,74.409,5.78K,-0.04%
06-10-2021,74.758,74.532,75.057,74.52,5.69K,0.29%
07-10-2021,74.805,74.768,74.935,74.699,6.98K,0.06%
08-10-2021,75.112,74.851,75.183,74.824,3.16K,0.41%
11-10-2021,75.383,75.125,75.544,75.052,6.50K,0.36%
12-10-2021,75.468,75.44,75.683,75.161,6.49K,0.11%
13-10-2021,75.287,75.503,75.522,75.178,5.88K,-0.24%
14-10-2021,74.976,75.266,75.369,74.97,5.45K,-0.41%
15-10-2021,75.013,74.99,75.074,74.881,2.33K,0.05%
18-10-2021,75.19,75.034,75.394,75.034,5.07K,0.24%
19-10-2021,75.101,75.24,75.275,74.877,1.38K,-0.12%
20-10-2021,74.79,75.085,75.192,74.748,5.36K,-0.41%
21-10-2021,74.869,74.825,74.929,74.689,5.31K,0.11%
22-10-2021,74.994,74.884,75.009,74.672,4.92K,0.17%
25-10-2021,75.017,74.96,75.187,74.887,48.09K,0.03%
26-10-2021,74.937,75.022,75.174,74.862,57.98K,-0.11%
27-10-2021,75.064,74.942,75.11,74.884,68.68K,0.17%
28-10-2021,74.783,75.069,75.144,74.75,67.43K,-0.37%
29-10-2021,74.915,74.788,75.034,74.74,67.39K,0.18%
01-11-2021,74.832,74.96,75.045,74.794,51.38K,-0.11%
02-11-2021,74.69,74.837,74.91,74.57,65.81K,-0.19%
03-11-2021,74.447,74.7,74.745,74.394,77.19K,-0.33%
04-11-2021,74.543,74.45,74.567,74.229,67.66K,0.13%
05-11-2021,74.174,74.548,74.57,74.164,53.61K,-0.49%
08-11-2021,73.904,74.221,74.283,73.876,5.39K,-0.36%
09-11-2021,74.17,73.925,74.175,73.834,5.54K,0.36%
10-11-2021,74.398,74.175,74.428,74.064,6.99K,0.31%
11-11-2021,74.296,74.41,74.592,74.274,5.77K,-0.14%
12-11-2021,74.342,74.341,74.545,74.287,5.29K,0.06%
15-11-2021,74.375,74.373,74.495,74.315,4.84K,0.04%
16-11-2021,74.452,74.438,74.535,74.284,6.39K,0.10%
17-11-2021,74.238,74.457,74.546,74.211,6.50K,-0.29%
18-11-2021,74.16,74.316,74.34,74.014,5.16K,-0.11%
19-11-2021,74.333,74.19,74.497,74.187,0.39K,0.23%
22-11-2021,74.428,74.345,74.516,74.286,4.65K,0.13%
23-11-2021,74.43,74.44,74.586,74.359,7.22K,0.00%
24-11-2021,74.605,74.426,74.622,74.31,4.43K,0.24%
25-11-2021,74.475,74.625,74.625,74.448,5.26K,-0.17%
26-11-2021,75.04,74.605,75.085,74.562,4.57K,0.76%
29-11-2021,75.033,74.838,75.174,74.791,3.08K,-0.01%
30-11-2021,75.09,75.05,75.201,74.847,4.96K,0.08%
01-12-2021,75.004,75.08,75.08,74.789,6.39K,-0.11%
02-12-2021,74.972,75.016,75.088,74.891,5.00K,-0.04%
03-12-2021,75.224,75.02,75.349,74.936,5.17K,0.34%
06-12-2021,75.39,75.198,75.478,75.183,2.46K,0.22%
07-12-2021,75.391,75.39,75.502,75.259,5.38K,0.00%
08-12-2021,75.358,75.415,75.569,75.3,5.39K,-0.04%
09-12-2021,75.583,75.394,75.688,75.382,5.23K,0.30%
10-12-2021,75.692,75.613,75.864,75.577,5.04K,0.14%
13-12-2021,75.76,75.685,75.811,75.57,4.90K,0.09%
14-12-2021,76.04,75.787,76.045,75.763,4.87K,0.37%
15-12-2021,76.34,76.099,76.419,76.025,2.85K,0.39%
16-12-2021,76.156,76.178,76.32,76.063,2.69K,-0.24%
17-12-2021,75.985,76.19,76.286,75.943,5.47K,-0.22%
20-12-2021,75.72,76.036,76.183,75.73,4.73K,-0.35%
21-12-2021,75.69,75.793,75.804,75.394,5.36K,-0.04%
22-12-2021,75.44,75.683,75.683,75.431,4.63K,-0.33%
23-12-2021,75.02,75.495,75.496,75.035,4.91K,-0.56%
24-12-2021,74.975,75.04,75.202,74.973,3.83K,-0.06%
27-12-2021,74.96,75.024,75.179,74.945,4.40K,-0.02%
28-12-2021,74.7,74.953,75.0,74.592,5.12K,-0.35%
29-12-2021,74.56,74.765,74.86,74.567,5.16K,-0.19%
30-12-2021,74.4,74.503,74.66,74.289,5.12K,-0.21%
31-12-2021,74.467,74.431,74.532,74.093,5.56K,0.09%
03-01-2022,74.373,74.463,74.484,74.244,2.28K,-0.13%
04-01-2022,74.501,74.385,74.712,74.375,5.74K,0.17%
05-01-2022,74.28,74.545,74.622,74.253,4.78K,-0.30%
06-01-2022,74.38,74.457,74.522,74.325,0,0.13%
07-01-2022,74.271,74.457,74.457,74.245,0,-0.15%
10-01-2022,74.02,74.23,74.243,74.005,0,-0.34%
11-01-2022,73.79,74.025,74.058,73.755,0,-0.31%
12-01-2022,73.776,73.802,74.055,73.748,0,-0.02%
13-01-2022,73.955,73.783,73.999,73.783,0,0.24%
14-01-2022,74.151,73.954,74.221,73.916,0,0.26%
17-01-2022,74.238,74.187,74.365,74.125,0,0.12%
18-01-2022,74.56,74.254,74.622,74.213,0,0.43%
19-01-2022,74.428,74.569,74.735,74.36,0,-0.18%
20-01-2022,74.446,74.414,74.533,74.292,0,0.02%
21-01-2022,74.383,74.473,74.578,74.276,0,-0.08%
24-01-2022,74.615,74.373,74.749,74.298,0,0.31%
25-01-2022,74.771,74.645,74.829,74.56,0,0.21%
26-01-2022,74.874,74.794,74.967,74.697,0,0.14%
27-01-2022,75.188,75.123,75.327,75.054,0,0.42%
28-01-2022,75.034,75.22,75.234,74.874,0,-0.20%
31-01-2022,74.529,75.033,75.074,74.556,0,-0.67%
01-02-2022,74.724,74.563,74.882,74.41,0,0.26%
02-02-2022,74.796,74.751,75.022,74.672,0,0.10%
03-02-2022,74.639,74.863,74.948,74.623,0,-0.21%
04-02-2022,74.64,74.644,74.866,74.613,0,0.00%
07-02-2022,74.629,74.699,74.783,74.605,0,-0.02%
08-02-2022,74.69,74.641,74.81,74.575,0,0.08%
09-02-2022,74.778,74.718,74.872,74.63,0,0.12%
10-02-2022,75.074,74.809,75.288,74.804,0,0.40%
11-02-2022,75.319,75.315,75.506,75.171,0,0.33%
14-02-2022,75.658,75.573,75.712,75.355,0,0.45%
15-02-2022,75.149,75.63,75.736,75.162,0,-0.67%
16-02-2022,75.022,75.175,75.297,74.947,0,-0.17%
17-02-2022,75.1,74.993,75.238,74.953,0,0.10%
18-02-2022,74.67,75.075,75.105,74.479,0,-0.57%
21-02-2022,74.495,74.584,74.741,74.343,0,-0.23%
22-02-2022,74.62,74.697,74.994,74.616,0,0.17%
23-02-2022,74.63,74.625,74.73,74.532,0,0.01%
24-02-2022,75.6,74.692,75.848,74.657,0,1.30%
25-02-2022,75.06,75.428,75.488,75.075,0,-0.71%
28-02-2022,75.493,75.76,75.79,75.282,0,0.58%
01-03-2022,75.752,75.289,75.816,75.26,0,0.34%
02-03-2022,75.611,75.912,75.94,75.569,0,-0.19%
03-03-2022,75.943,75.652,76.02,75.603,0,0.44%
04-03-2022,76.41,75.935,76.451,75.935,0,0.61%
07-03-2022,76.96,76.675,77.173,76.658,0,0.72%
08-03-2022,76.89,76.984,77.187,76.715,0,-0.09%
09-03-2022,76.355,76.915,77.004,76.317,0,-0.70%
10-03-2022,76.29,76.256,76.505,76.056,0,-0.09%
11-03-2022,76.483,76.372,76.715,76.249,0,0.25%
14-03-2022,76.43,76.663,76.715,76.445,0,-0.07%
15-03-2022,76.41,76.47,76.683,76.297,0,-0.03%
16-03-2022,76.19,76.266,76.486,76.117,0,-0.29%
17-03-2022,75.912,76.056,76.081,75.753,0,-0.36%
18-03-2022,76.05,76.079,76.215,76.007,0,0.18%
21-03-2022,76.28,76.058,76.293,76.005,0,0.30%
22-03-2022,76.131,76.29,76.498,75.995,0,-0.20%
23-03-2022,76.52,76.121,76.53,75.977,0,0.51%
24-03-2022,76.3,76.53,76.53,76.188,0,-0.29%
25-03-2022,76.28,76.246,76.309,76.125,0,-0.03%
28-03-2022,76.08,76.325,76.385,76.039,0,-0.26%
29-03-2022,75.64,75.98,76.164,75.566,0,-0.58%
30-03-2022,75.801,75.662,75.988,75.603,0,0.21%
31-03-2022,75.901,75.827,75.968,75.643,0,0.13%
01-04-2022,75.973,75.925,76.026,75.846,0,0.09%
04-04-2022,75.429,75.92,75.945,75.359,0,-0.72%
05-04-2022,75.443,75.44,75.56,75.266,0,0.02%
06-04-2022,75.929,75.428,76.077,75.41,0,0.64%
07-04-2022,75.891,75.945,76.055,75.762,0,-0.05%
08-04-2022,75.938,75.93,76.065,75.702,0,0.06%
11-04-2022,75.81,75.962,76.09,75.784,0,-0.17%
12-04-2022,76.055,75.94,76.197,75.927,0,0.32%
13-04-2022,76.095,76.15,76.28,76.023,0,0.05%
14-04-2022,76.265,76.147,76.294,76.074,0,0.22%
15-04-2022,76.305,76.309,76.349,76.278,0,0.05%
18-04-2022,76.261,76.313,76.435,76.205,0,-0.06%
19-04-2022,76.43,76.293,76.573,76.246,0,0.22%
20-04-2022,76.241,76.477,76.533,76.149,0,-0.25%
21-04-2022,76.241,76.265,76.373,76.076,0,0.00%
22-04-2022,76.46,76.296,76.546,76.195,0,0.29%
25-04-2022,76.72,76.558,76.788,76.543,0,0.34%
26-04-2022,76.66,76.553,76.698,76.436,0,-0.08%
27-04-2022,76.605,76.768,76.806,76.49,0,-0.07%
28-04-2022,76.66,76.54,76.732,76.419,0,0.07%
29-04-2022,76.52,76.618,76.694,76.271,0,-0.18%
02-05-2022,76.47,76.505,76.533,76.334,0,-0.07%
03-05-2022,76.46,76.49,76.692,76.449,0,-0.01%
04-05-2022,76.257,76.453,76.589,76.19,0,-0.27%
05-05-2022,76.492,76.155,76.577,75.99,0,0.31%
06-05-2022,76.956,76.518,77.078,76.512,0,0.61%
09-05-2022,77.35,77.001,77.536,76.988,0,0.51%
10-05-2022,77.202,77.381,77.458,77.115,0,-0.19%
11-05-2022,77.41,77.268,77.509,77.145,0,0.27%
12-05-2022,77.42,77.423,77.635,77.304,0,0.01%
13-05-2022,77.47,77.44,77.562,77.253,0,0.06%
16-05-2022,77.811,77.499,77.915,77.499,0,0.44%
17-05-2022,77.454,77.805,77.81,77.375,0,-0.46%
18-05-2022,77.8,77.463,77.81,77.46,0,0.45%
19-05-2022,77.4,77.815,77.82,77.386,0,-0.51%
20-05-2022,77.85,77.444,77.899,77.432,0,0.58%
23-05-2022,77.517,77.675,77.73,77.439,0,-0.43%
24-05-2022,77.46,77.543,77.687,77.469,0,-0.07%
25-05-2022,77.508,77.479,77.641,77.442,0,0.06%
26-05-2022,77.614,77.502,77.721,77.486,0,0.14%
27-05-2022,77.596,77.638,77.683,77.53,0,-0.02%
30-05-2022,77.537,77.594,77.594,77.473,0,-0.08%
31-05-2022,77.569,77.553,77.746,77.541,0,0.04%
01-06-2022,77.55,77.646,77.66,77.442,0,-0.02%
02-06-2022,77.382,77.556,77.654,77.383,0,-0.22%
03-06-2022,77.592,77.425,77.662,77.385,0,0.27%
06-06-2022,77.797,77.69,77.854,77.564,0,0.26%
07-06-2022,77.647,77.795,77.841,77.627,0,-0.19%
08-06-2022,77.683,77.703,77.791,77.6,0,0.05%
09-06-2022,77.8,77.721,77.881,77.686,0,0.15%
10-06-2022,78.116,77.78,78.202,77.762,0,0.41%
13-06-2022,78.087,78.195,78.313,77.968,0,-0.04%
14-06-2022,77.994,78.105,78.105,77.93,0,-0.12%
15-06-2022,78.148,78.013,78.229,77.971,0,0.20%
16-06-2022,77.949,78.037,78.109,77.911,0,-0.26%
17-06-2022,77.935,78.005,78.113,77.944,0,-0.02%
20-06-2022,77.899,78.004,78.037,77.856,0,-0.05%
21-06-2022,78.116,77.949,78.151,77.929,0,0.28%
22-06-2022,78.16,78.135,78.395,78.106,0,0.06%
23-06-2022,78.14,78.22,78.386,78.129,0,-0.03%
24-06-2022,78.23,78.162,78.365,78.113,0,0.12%
27-06-2022,78.42,78.268,78.571,78.193,0,0.24%
28-06-2022,78.97,78.449,79.049,78.432,0,0.70%
29-06-2022,78.92,79.007,79.07,78.843,0,-0.06%
30-06-2022,78.95,78.915,79.095,78.866,0,0.04%
01-07-2022,78.928,78.97,79.136,78.805,0,-0.03%
04-07-2022,78.909,78.978,79.062,78.859,0,-0.02%
05-07-2022,79.271,78.965,79.427,78.945,0,0.46%
06-07-2022,79.02,79.163,79.383,78.918,0,-0.32%
07-07-2022,79.15,79.048,79.261,78.885,0,0.16%
08-07-2022,79.26,79.18,79.435,79.128,0,0.14%
11-07-2022,79.41,79.255,79.585,79.255,0,0.19%
12-07-2022,79.45,79.466,79.666,79.459,0,0.05%
13-07-2022,79.65,79.49,79.87,79.475,0,0.25%
14-07-2022,79.89,79.708,80.235,79.666,0,0.30%
15-07-2022,79.76,79.867,79.979,79.715,0,-0.16%
18-07-2022,79.99,79.817,80.02,79.703,0,0.29%
19-07-2022,79.85,79.989,80.072,79.857,0,-0.18%
20-07-2022,79.98,79.907,80.067,79.878,0,0.16%
21-07-2022,79.85,80.026,80.067,79.76,0,-0.16%
22-07-2022,79.83,79.883,79.938,79.803,0,-0.03%
25-07-2022,79.691,79.784,79.885,79.678,0,-0.17%
26-07-2022,79.843,79.735,79.884,79.692,0,0.19%
27-07-2022,79.845,79.823,79.995,79.774,0,0.00%
28-07-2022,79.626,79.763,79.855,79.586,0,-0.27%
29-07-2022,79.336,79.604,79.604,79.168,0,-0.36%
01-08-2022,78.959,79.185,79.241,78.894,0,-0.48%
02-08-2022,78.587,78.961,79.002,78.393,0,-0.47%
03-08-2022,79.108,78.627,79.243,78.574,0,0.66%
04-08-2022,79.16,79.096,79.84,79.048,0,0.07%
05-08-2022,79.36,79.16,79.494,78.918,0,0.25%
08-08-2022,79.584,79.425,79.689,79.42,0,0.28%
09-08-2022,79.563,79.582,79.661,79.497,0,-0.03%
10-08-2022,79.09,79.56,79.613,79.018,0,-0.59%
11-08-2022,79.58,79.066,79.695,79.066,0,0.62%
12-08-2022,79.641,79.61,79.759,79.59,0,0.08%
15-08-2022,79.518,79.654,79.658,79.459,0,-0.15%
16-08-2022,79.248,79.55,79.605,79.25,0,-0.34%
17-08-2022,79.35,79.166,79.514,79.155,0,0.13%
18-08-2022,79.75,79.405,79.765,79.372,0,0.50%
19-08-2022,79.92,79.775,79.943,79.698,0,0.21%
22-08-2022,79.85,79.905,79.93,79.769,0,-0.09%
23-08-2022,79.847,79.875,79.919,79.682,0,0.00%
24-08-2022,79.78,79.875,79.9,79.691,0,-0.08%
25-08-2022,79.862,79.811,80.006,79.749,0,0.10%
26-08-2022,79.961,79.883,79.983,79.709,0,0.12%
29-08-2022,79.954,79.989,80.135,79.892,0,-0.01%
30-08-2022,79.665,79.968,79.985,79.417,0,-0.36%
31-08-2022,79.491,79.707,79.717,79.415,0,-0.22%
01-09-2022,79.673,79.535,79.74,79.281,0,0.23%
02-09-2022,79.717,79.71,79.914,79.604,0,0.06%
05-09-2022,79.783,79.925,79.927,79.752,0,0.08%
06-09-2022,79.87,79.803,79.916,79.735,0,0.11%
07-09-2022,79.63,79.908,79.974,79.594,0,-0.30%
08-09-2022,79.667,79.66,79.838,79.636,0,0.05%
09-09-2022,79.635,79.672,79.683,79.452,0,-0.04%
12-09-2022,79.35,79.652,79.723,79.288,0,-0.36%
13-09-2022,79.577,79.393,79.632,79.01,0,0.29%
14-09-2022,79.431,79.594,79.625,79.369,0,-0.18%
15-09-2022,79.839,79.495,79.854,79.433,0,0.51%
16-09-2022,79.686,79.86,79.873,79.591,0,-0.19%
19-09-2022,79.693,79.716,79.831,79.574,0,0.01%
20-09-2022,79.751,79.675,79.784,79.577,0,0.07%
21-09-2022,79.907,79.765,80.076,79.75,0,0.20%
22-09-2022,81.047,80.233,81.145,80.199,0,1.43%
23-09-2022,81.25,81.049,81.285,80.77,0,0.25%
26-09-2022,81.61,81.34,81.714,81.323,0,0.44%
27-09-2022,81.705,81.374,81.782,81.282,0,0.12%
28-09-2022,81.406,81.875,82.02,81.345,0,-0.37%
29-09-2022,81.461,81.594,81.967,81.468,6.58K,0.07%
30-09-2022,81.509,81.497,81.725,81.151,6.56K,0.06%
03-10-2022,81.494,81.532,81.927,81.498,3.65K,-0.02%
04-10-2022,81.451,81.495,81.685,81.284,4.88K,-0.05%
05-10-2022,81.631,81.46,81.721,81.326,2.76K,0.22%
06-10-2022,82.06,81.52,82.316,81.476,4.08K,0.53%
07-10-2022,82.82,82.292,82.832,82.106,5.69K,0.93%
10-10-2022,82.37,82.706,82.714,82.263,3.54K,-0.54%
11-10-2022,82.256,82.421,82.506,82.095,4.83K,-0.14%
12-10-2022,82.159,82.267,82.37,82.156,4.80K,-0.12%
13-10-2022,82.172,82.19,82.685,82.107,4.26K,0.02%
14-10-2022,82.34,82.21,82.448,82.108,4.41K,0.20%
17-10-2022,82.171,82.413,82.426,82.089,4.30K,-0.21%
18-10-2022,82.291,82.161,82.406,82.005,5.76K,0.15%
19-10-2022,83.013,82.298,83.111,82.288,4.46K,0.88%
20-10-2022,82.82,82.991,83.268,82.526,4.13K,-0.23%
21-10-2022,82.529,82.836,83.104,82.539,4.22K,-0.35%
24-10-2022,82.744,82.603,82.884,82.572,1.58K,0.26%
25-10-2022,82.515,82.755,82.859,82.413,3.98K,-0.28%
26-10-2022,81.901,82.445,82.539,81.961,2.20K,-0.74%
27-10-2022,82.368,82.031,82.574,82.017,6.29K,0.57%
28-10-2022,82.261,82.364,82.518,82.269,6.13K,-0.13%
31-10-2022,82.77,82.386,82.877,82.316,6.85K,0.62%
01-11-2022,82.65,82.817,82.826,82.494,5.04K,-0.14%
02-11-2022,82.712,82.682,82.818,82.609,6.54K,0.08%
03-11-2022,82.731,82.894,82.996,82.693,7.87K,0.02%
04-11-2022,81.962,82.69,82.74,81.97,8.33K,-0.93%
07-11-2022,81.804,82.075,82.324,81.809,6.79K,-0.19%
08-11-2022,81.37,81.832,82.034,81.241,2.98K,-0.53%
09-11-2022,81.335,81.34,81.628,81.21,7.31K,-0.04%
10-11-2022,80.63,81.444,81.93,80.632,9.40K,-0.87%
11-11-2022,80.477,80.565,80.996,80.483,7.12K,-0.19%
14-11-2022,80.965,80.525,81.299,80.51,8.14K,0.61%
15-11-2022,81.061,80.992,81.449,80.703,8.84K,0.12%
16-11-2022,81.48,81.105,81.574,81.105,7.64K,0.52%
17-11-2022,81.51,81.453,81.854,81.422,5.57K,0.04%
18-11-2022,81.617,81.53,81.8,81.505,7.58K,0.13%
21-11-2022,81.699,81.672,81.927,81.579,8.37K,0.10%
22-11-2022,81.714,81.728,81.83,81.58,5.05K,0.02%
23-11-2022,81.604,81.719,81.934,81.628,4.85K,-0.13%
24-11-2022,81.613,81.633,81.777,81.588,5.67K,0.01%
25-11-2022,81.685,81.671,81.754,81.432,4.69K,0.09%
28-11-2022,81.64,81.814,81.846,81.518,4.69K,-0.06%
29-11-2022,81.616,81.549,81.758,81.541,5.71K,-0.03%
30-11-2022,81.359,81.645,81.65,81.271,3.51K,-0.31%
01-12-2022,81.12,81.151,81.336,80.985,5.75K,-0.29%
02-12-2022,81.41,81.165,81.527,81.082,6.80K,0.36%
05-12-2022,81.89,81.255,81.91,81.195,5.80K,0.59%
06-12-2022,82.48,81.904,82.643,81.897,6.77K,0.72%
07-12-2022,82.204,82.422,82.783,82.188,8.41K,-0.33%
08-12-2022,82.28,82.267,82.477,82.253,5.81K,0.09%
09-12-2022,82.41,82.244,82.509,82.086,5.16K,0.16%
12-12-2022,82.634,82.434,82.745,82.423,5.50K,0.27%
13-12-2022,82.375,82.662,82.922,82.373,4.88K,-0.31%
14-12-2022,82.474,82.61,82.715,82.402,4.36K,0.12%
15-12-2022,82.843,82.537,82.993,82.415,4.47K,0.45%
16-12-2022,82.706,82.865,82.897,82.626,6.00K,-0.17%
19-12-2022,82.649,82.775,82.832,82.565,6.15K,-0.07%
20-12-2022,82.6,82.582,82.885,82.564,6.76K,-0.06%
21-12-2022,82.88,82.73,82.933,82.654,6.08K,0.34%
22-12-2022,82.96,82.825,82.989,82.643,6.54K,0.10%
23-12-2022,82.78,82.88,82.902,82.742,4.82K,-0.22%
26-12-2022,82.65,82.775,82.847,82.627,4.43K,-0.16%
27-12-2022,82.83,82.675,82.909,82.655,4.53K,0.22%
28-12-2022,82.736,82.84,82.93,82.747,5.86K,-0.11%
29-12-2022,82.758,82.847,82.901,82.754,5.39K,0.03%
30-12-2022,82.717,82.787,82.829,82.539,6.35K,-0.05%
02-01-2023,82.745,82.67,82.8,82.56,2.49K,0.03%
03-01-2023,82.774,82.698,83.038,82.654,6.26K,0.04%
04-01-2023,82.641,82.779,82.919,82.667,6.75K,-0.16%
05-01-2023,82.568,82.74,82.808,82.426,6.47K,-0.09%
06-01-2023,82.27,82.604,82.785,82.275,6.78K,-0.36%
09-01-2023,82.17,82.234,82.454,82.095,4.82K,-0.12%
10-01-2023,81.602,82.185,82.317,81.604,6.04K,-0.69%
11-01-2023,81.637,81.625,81.83,81.496,6.69K,0.04%
12-01-2023,81.1,81.657,81.754,81.11,6.44K,-0.66%
13-01-2023,81.28,81.115,81.522,81.115,6.85K,0.22%
16-01-2023,81.628,81.227,81.749,81.197,6.34K,0.43%
17-01-2023,81.63,81.71,81.889,81.547,6.77K,0.00%
18-01-2023,81.44,81.675,81.829,81.163,7.46K,-0.23%
19-01-2023,81.24,81.44,81.455,81.207,6.89K,-0.25%
20-01-2023,80.979,81.281,81.31,80.973,6.86K,-0.32%
23-01-2023,81.478,80.933,81.509,80.874,5.76K,0.62%
24-01-2023,81.594,81.488,81.77,81.41,6.22K,0.14%
25-01-2023,81.491,81.602,81.78,81.477,7.31K,-0.13%
26-01-2023,81.418,81.531,81.578,81.355,3.24K,-0.09%
27-01-2023,81.51,81.509,81.679,81.473,6.55K,0.11%
30-01-2023,81.52,81.548,81.725,81.461,6.59K,0.01%
31-01-2023,81.739,81.599,82.079,81.55,2.93K,0.27%
01-02-2023,81.73,81.765,82.041,81.676,2.95K,-0.01%
02-02-2023,82.039,81.698,82.272,81.685,2.99K,0.38%
03-02-2023,82.206,82.044,82.326,81.745,4.86K,0.20%
06-02-2023,82.74,82.388,82.85,82.316,4.46K,0.65%
07-02-2023,82.86,82.755,82.906,82.618,7.69K,0.15%
08-02-2023,82.65,82.734,82.761,82.472,6.58K,-0.25%
09-02-2023,82.511,82.656,82.679,82.402,6.84K,-0.17%
10-02-2023,82.51,82.535,82.644,82.33,7.77K,0.00%
13-02-2023,82.592,82.582,82.788,82.577,6.40K,0.10%
14-02-2023,82.91,82.597,83.047,82.565,7.06K,0.39%
15-02-2023,82.75,82.842,82.972,82.765,6.21K,-0.19%
16-02-2023,82.71,82.719,82.845,82.59,6.26K,-0.05%
17-02-2023,82.75,82.703,82.872,82.703,6.22K,0.05%
20-02-2023,82.693,82.72,82.763,82.604,6.99K,-0.07%
21-02-2023,82.844,82.691,82.892,82.68,4.79K,0.18%
22-02-2023,82.83,82.844,82.937,82.776,6.09K,-0.02%
23-02-2023,82.59,82.799,82.835,82.562,5.68K,-0.29%
24-02-2023,82.897,82.643,83.026,82.628,6.00K,0.37%
27-02-2023,82.642,82.871,82.951,82.627,5.93K,-0.31%
28-02-2023,82.64,82.69,82.761,82.554,6.97K,0.00%
01-03-2023,82.43,82.588,82.634,82.365,7.33K,-0.25%
02-03-2023,82.35,82.425,82.628,82.355,6.23K,-0.10%
03-03-2023,82.244,82.359,82.4,82.217,3.17K,-0.13%